{
  "pass@1": 0.1420731707317073,
  "pass@2": 0.1953929539295393,
  "pass@5": 0.25561362756484707,
  "pass@10": 0.2926829268292683
}