{
  "pass@1": 0.15060975609756094,
  "pass@2": 0.2062330623306233,
  "pass@5": 0.27204316686024,
  "pass@10": 0.3170731707317073
}