{
  "pass@1": 0.1475609756097561,
  "pass@2": 0.2062330623306233,
  "pass@5": 0.2865611691831204,
  "pass@10": 0.3597560975609756
}