{
  "pass@1": 0.16402439024390242,
  "pass@2": 0.22533875338753387,
  "pass@5": 0.30952380952380953,
  "pass@10": 0.38414634146341464
}